mechdef_merlin_MLN-1D,MechPart,1,1
mechdef_merlin_MLN-1E,MechPart,1,1
mechdef_merlin_MLN-1P,MechPart,1,1
mechdef_quickdraw_QKD-8K,MechPart,1,1
mechdef_yeoman_YMN-10-OR,MechPart,1,1
mechdef_osprey_OSP-26,MechPart,1,1
mechdef_centurion_CN9-D3D,MechPart,1,1
mechdef_vindicator_VND-3L,MechPart,1,1
mechdef_vindicator_VND-3Lr,MechPart,1,1
mechdef_assassin_ASN-26,MechPart,1,1
mechdef_assassin_ASN-27,MechPart,1,1
mechdef_grandtitan_T-IT-N10M,MechPart,1,1
mechdef_grandtitan_T-IT-N11M,MechPart,1,1
mechdef_chimera_CMA-1S,MechPart,1,1
mechdef_jinggau_JN-G8A,MechPart,1,1
mechdef_jinggau_JN-G7L,MechPart,1,1
mechdef_bombardier_BMB-12D,MechPart,1,1
mechdef_bombardier_BMB-14C,MechPart,1,1
mechdef_bombardier_BMB-14K,MechPart,1,1
mechdef_atlas_AS7-D3,MechPart,1,1
mechdef_atlas_AS7-D2,MechPart,1,1
mechdef_bigfoot_BFT-1G,MechPart,1,1
mechdef_bigfoot_BFT-3M,MechPart,1,1
mechdef_tomahawk_THK-6R,MechPart,1,1
mechdef_tomahawk_THK-7M,MechPart,1,1
mechdef_daikyu_DAI-01,MechPart,1,1
mechdef_daikyu_DAI-02,MechPart,1,1
mechdef_vanquisher_VQR-2A,MechPart,1,1
mechdef_vanquisher_VQR-2B,MechPart,1,1
mechdef_vanquisher_VQR-7V,MechPart,1,1
mechdef_wight_WGT-1LAW-SC,MechPart,1,1
mechdef_wight_WGT-2SC,MechPart,1,1
mechdef_wight_WGT-2LAW,MechPart,1,1
mechdef_anvil_ANV-3M,MechPart,1,1
mechdef_anvil_ANV-5M,MechPart,1,1
mechdef_berserker_BRZ-A3,MechPart,1,1
mechdef_berserker_BRZ-B3,MechPart,1,1
mechdef_caesar_CES-3R,MechPart,1,1
mechdef_caesar_CES-4R,MechPart,1,1
mechdef_dragonfire_DGR-3F,MechPart,1,1
mechdef_dragonfire_DGR-9D,MechPart,1,1
mechdef_enfield_END-6Q,MechPart,1,1
mechdef_enfield_END-6J-EC,MechPart,1,1
mechdef_gunslinger_GUN-1ERD,MechPart,1,1
mechdef_gunslinger_GUN-3ERD,MechPart,1,1
mechdef_helios_HEL-3D,MechPart,1,1
mechdef_helios_HEL-4A,MechPart,1,1
mechdef_sunder_SD1-O,MechPart,1,1
mechdef_sunder_SD1-OA,MechPart,1,1
mechdef_sunder_SD1-OFCCW,MechPart,1,1
mechdef_viking_VKG-2F,MechPart,1,1
mechdef_viking_VKG-2G,MechPart,1,1
mechdef_penetrator_PTR-4D,MechPart,1,1
mechdef_penetrator_PTR-4F,MechPart,1,1
mechdef_rakshasa_MDG-1A,MechPart,1,1
mechdef_rakshasa_MDG-1Ar,MechPart,1,1
mechdef_rakshasa_MDG-2A,MechPart,1,1
mechdef_salamander_PPR-5S,MechPart,1,1
mechdef_salamander_PPR-6T,MechPart,1,1
mechdef_thunder_THR-1L,MechPart,1,1
mechdef_thunder_THR-2K,MechPart,1,1
mechdef_thunder_THR-C4,MechPart,1,1
mechdef_diomede_D-M3D-M,MechPart,1,1
mechdef_doloire_DLR-O,MechPart,1,1
mechdef_doloire_DLR-OB,MechPart,1,1
mechdef_doloire_DLR-OE,MechPart,1,1
mechdef_battleaxe_BKX-7K,MechPart,1,1
mechdef_battleaxe_BKX-7NC,MechPart,1,1
mechdef_battleaxe_BKX-7NC,MechPart,1,1
mechdef_bellerophon_BKX-7NC,MechPart,1,1
mechdef_hammerhands_HMH-3D,MechPart,1,1
mechdef_hammerhands_HMH-3D,MechPart,1,1
mechdef_hector_HOR-1B,MechPart,1,1
mechdef_kyudo_KY2-D-02,MechPart,1,1
mechdef_kyudo_KY2-D-03,MechPart,1,1
mechdef_rampage_RMP-5G,MechPart,1,1
mechdef_rampage_RMP-5G,MechPart,1,1
mechdef_shogun_SHG-2F,MechPart,1,1
mechdef_shogun_SHG-2F,MechPart,1,1
mechdef_shogun_SHG-C,MechPart,1,1
mechdef_striker_STC-2C,MechPart,1,1
mechdef_striker_STC-2D,MechPart,1,1
mechdef_swordsman_STC-2D,MechPart,1,1
mechdef_chameleon_CLN-7V,MechPart,1,1
mechdef_chameleon_CLN-7W,MechPart,1,1
mechdef_chameleon_CLN-7Z,MechPart,1,1
mechdef_chameleon_CLN-8V,MechPart,1,1
mechdef_shayu_SYU-2B,MechPart,1,1
mechdef_shayu_SYU-2B,MechPart,1,1
mechdef_exterminator_EXT-4D,MechPart,1,1
mechdef_exterminator_EXT-4C,MechPart,1,1
mechdef_firefly_FFL-3A,MechPart,1,1
mechdef_firefly_FFL-3SLE,MechPart,1,1
mechdef_lancelot_LNC25-01,MechPart,1,1
mechdef_lancelot_LNC25-01X,MechPart,1,1
mechdef_nighthawk_NTK-2Q,MechPart,1,1
mechdef_pillager_PLG-1N,MechPart,1,1
mechdef_pillager_PLG-3Z,MechPart,1,1
mechdef_sentinel_STN-3L,MechPart,1,1
mechdef_sentinel_STN-3L,MechPart,1,1
mechdef_starslayer_STY-3C,MechPart,1,1
mechdef_talon_TLN-5W,MechPart,1,1
mechdef_talon_TLN-5V,MechPart,1,1
mechdef_talon_TLN-5V,MechPart,1,1
mechdef_thunderhawk_TDK-7X,MechPart,1,1
mechdef_thunderhawk_TDK-7Y,MechPart,1,1
mechdef_wyvern_WVE-5N,MechPart,1,1
mechdef_wyvern_WVE-5Nb,MechPart,1,1
mechdef_wyvern_WVE-5Nb,MechPart,1,1
mechdef_apollo_APL-1M,MechPart,1,1
mechdef_apollo_APL-2S,MechPart,1,1
mechdef_apollo_APL-3T,MechPart,1,1
mechdef_apollo_APL-C,MechPart,1,1
